LPG (LCU/cylinder),Units,Dec-15,Jan-16,Feb-16,Mar-16,Apr-16,May-16,Jun-16,Jul-16,Aug-16,Sep-16,Oct-16,Nov-16,Dec-16,Jan-17,Feb-17,Mar-17,Apr-17,May-17,Jun-17,Jul-17,Aug-17,Sep-17,Oct-17,Nov-17,Dec-17,Jan-18,Feb-18,Mar-18,Apr-18,May-18,Jun-18,Jul-18,Aug-18,Sep-18,Oct-18,Nov-18,Dec-18,Jan-19,Feb-19,Mar-19,Apr-19,May-19,Jun-19,Jul-19,Aug-19,Sep-19,Oct-19,Nov-19,Dec-19,Jan-20,Feb-20,Mar-20,Apr-20,May-20,Jun-20,Jul-20,Aug-20,Sep-20,Oct-20,Nov-20,Dec-20,Jan-21,Feb-21,Mar-21,Apr-21,May-21,Jun-21,Jul-21,Aug-21,Sep-21,Oct-21,Nov-21,Dec-21,Jan-22,Feb-22,Mar-22,Apr-22,May-22,Jun-22,Jul-22,Aug-22,Sep-22,Oct-22,Nov-22,Dec-22,Jan-23,Feb-23,Mar-23,Apr-23,May-23,Jun-23,Jul-23,Aug-23,Sep-23,Oct-23,Nov-23,Dec-23,Jan-24,Feb-24,Mar-24,Apr-24,May-24,Jun-24,Jul-24,Aug-24,Sep-24,Oct-24,Nov-24,Dec-24,Jan-25,Feb-25,Mar-25,Apr-25
Angola (LPG) ,kwanzas/kg,62.5,100,100,100,100,100,100,100,100,100,100,100,100,100,100,100,100,100,100,100,100,100,100,100,100,100,100,100,100,100,100,100,100,100,100,100,100,100,100,100,100,100,100,100,100,100,100,100,100,100,100,100,100,100,100,100,100,100,100,100,100,100,100,100,100,100,100,100,100,100,100,100,100,100,100,100,100,100,100,100,100,100,100,100,100,100,100,100,100,100,100,100,100,100,100,100,100,100,100,100,100,100,100,100,100,100,100,100,100,100,100,100,100
Argentina (LPG),Argentine Peso per litre,3.6,,,,,,,,,,,,,,14.7198,,,20.2425,20.3,21.13,,,9.99,,,,,24.843,,,,,,,,,,,,,,,,,,,,51.55,,,55.0149,57.4232,25.99,55.1325,,,,,,,77.361,34.51,41.4366,43.3366,56.33425,48.67,49.90666,64.205,51.4333,50.7985,57.5933,66.07,61.0133,61.0133,61.0133,64.85,62.84,76.763333,94.3675,95.5106,84.926666,84.715,92.62,98.10666,136.92934,106.676,157.02,163.1175,125.1466667,132.29,139.083333,146.5766667,161.85,175.6,179.8033333,205.270166,320,586.125,489,523,548,,,,,,,,,,,,
Bangladesh (12kg cylinder),Tk/cylinder,,,,,,,,,,,,,,,,,,,,,,,,,,,,,,,,,,,,,,,,,,,,,,,,,,,,,,,800,800,800,800,800,800,800,1000,1050,,975,906,842,891,1140,1033,1259,1313,1228,1178,1240,1390,1439,1335,1242,1254,1219,1235,1200,1251,1297,1232,1498,1422,1178,1232,1074,999,1140,1284,1363,1381,1404,1433,1474,1482,1442,1393,1363,1366,1377,1421,1456,1455,1455,1455,1478,1450,
Barbados (LPG 20 lb cylinder),BDS/cylinder,,,,,,,,,,,,,,,,,,,,,,,,,,,,,,,,,33,,33,38,37,37,37,37,37,34,36,36,36,36,36,36,36,36,36,36,36,36,36,30,30,30,30,30,30,30,30,30,30,34,33,34,34,,35,37,39,38,,36,38,40,38,38,,,38,38,36,37,35,36,,37,36,35,34,34,35,35,35,35,35,35,35,35,35,35,35,35,35,35,35,35,35,35,35
Belize (100 lbs),BEL$/cylinder,84,84,83,84,84,84,84,82,88,86,87,85,84,86,92,96,98,99,100,100,100,99,100,99,99,99,104,106,116,114,115,115,115,115,115,116,116,115,115,115,115,115,,,,116,116,101,100,100,99,98,99,87,92,92,92,93,97,96,100,105,110,111,116,114,113,116,123,124,137,140,136,130,133,149,150,144,144,144,138,138,136,133,128,125,126,126,123,124,119,114,119,119,119,118,115,117,121,122,120,120,115,118,117,117,117,124,125.33,126,128,,
Belize (rural areas),BEL$/gallon,,,,,,,,,,,,,,,,,,,,,,,,,,,,,,,,,,,,,,,,,,,,,,,,,,,,,,3.96,4.34,4.31,,4.37,4.46,,,4.86,5.12,5.29,,5.09,5.42,5.56,5.67,6.07,6.45,6.43,6.03,6.20,6.53,6.95,6.73,,6.55,,6.21,,5.73,5.70,5.54,5.42,,,,,,,5.41,,,,,,,,,,,,,,5.44,,5.66,,,,
Belize (urban areas),BEL$/gallon,,,,,,,,,,,,,,,,,,,,,,,,,,,,,,,,,,,,,,,,,,,,,,,,4.75,,,,,3.59,3.86,4.24,4.21,,4.27,4.36,,,4.76,5.02,5.19,,4.99,5.32,5.46,5.57,5.97,6.35,6.33,5.93,6.10,6.43,6.85,6.63,,6.45,,6.11,,5.63,5.60,5.44,5.32,,,,,,,5.31,,,,,,,,,,,,,,5.34,,5.56,,,,
Benin (LPG 12.5 Kg) -Cotonou ,XOF/cylinder,,,,,,,,,,,,,6250,6250,7040,7500,7500,6791.75,6375,6000,6000,6375,6500,6500,6500,6950,7400,7400,6500,6425,6425,6400,6400,7125,7500,7500,6650,6 250,6 700,6800,6900,6800,6613,5925,5925,5315,5560,6315,6625,6625,6625,6841,6850,6850,6850,6850,6850,6850,6850,6850,6850,6850,6888,6904,6954,6963,6963,6963,7229,7467,7933,7933,8008,7987,8800,9667,9933,10300,10300,10300,10300,10300,10300,10300,10300,10300,10300,10300,10300,10300,10300,10300,10650,10902,10667,10667,10667,10667,10667,10667,10667,10667,10667,10667,10667,10667,10667,10667,10667,10667,10667,10667,10667
Benin (LPG 6kg) -Cotonou ,XOF/cylinder,,,,,,,,,,,,,3000,3000,3487.5,3700,3700,3341.75,3112.5,3000,3000,3225,3300,3300,3300,3500,3700,3700,3200,stop reporting on this fuel on this date,,,,,,3800,,,,,,,,,,,,,,,,,,,,3500,3500,3500,3500,3500,3500,3500,3500,3500,3500,3500,3500,3500,3588,3688,3925,3900,3938,3904,4350,4733,4942,5333,5333,5333,5333,5333,5333,5333,5333,5333,5333,5333,5333,5333,5333,5333,5583,5882,5757,5757,5757,5757,5757,5757,5757,5757,5757,5757,5757,5757,5757,5757,5757,5757,5757,5757,5757
Bolivia (10kg LPG bottle) ,Bs/bottle ,,,,,,,,,,,,,,,,,,,,,,,,,,,,,,,,,,,,,,,,,,,,,,,,,,,,,,,,,,,,,,22.50,22.50,22.50,22.50,22.50,22.50,22.50,22.50,22.50,22.50,22.50,22.50,22.50,22.50,22.50,22.50,22.50,22.50,22.50,22.50,22.50,22.50,22.50,22.50,22.50,22.50,22.50,22.50,22.50,22.50,22.50,22.50,22.50,22.50,22.50,22.50,22.50,22.50,22.50,22.50,22.50,22.50,22.50,22.50,22.50,22.50,22.50,22.50,22.50,22.50,22.50,22.50
Brazil (LPG 13 kg bottle) - Country Average,R$/13kg,54.071,53.947,53.941,53.871,53.679,53.384,53.122,52.878,52.774,54.688,55.343,55.607,55.601,55.611,55.488,55.679,57.187,57.206,57.379,57.526,57.601,59.451,63.208,65.186,66.529,67.306,66.803,66.79,66.985,66.957,68.766,68.574,68.345,68.476,68.529,68.971,69.354,69.26,69.107,69.169,69.064,69.294,69.241,69.077,68.823,68.859,68.771,69.113,69.241,69.743,69.907,69.937,69.889,69.536,69.579,69.961,69.981,,71.611,73.206,74.744,76.86,79.69,83.158,85.006,85.374,87.43,91.916,93.427,97.736,100.782,102.444,102.32,102.408,102.516,109.31,113.513,112.86,112.55,112.07,111.62,112.36,109.75,110.17,109.18,108.27,107.89,107.56,107.58,107.29,103.46,101.99,101.09,101.41,101.76,101.38,100.93,100.88,102.09,102.18,102,102,101,103,104,106,107,107,107.41,107.21,107.24,,
Brazil (LPG 13 kg bottle) - Distrito Federal,R$/13kg,56.822,56.507,56.507,56.394,58.006,57.435,57.435,57.425,57.316,57.418,58.014,60.277,60.239,60.307,60.268,60.468,59.947,60.431,59.947,60.288,60.185,60.451,65.273,68.759,68.878,69.145,69.937,68.819,68.827,68.85,73.81,72.923,72.957,73.179,73.262,73.256,73.095,73.095,73.095,73.298,73.529,73.452,73.476,73.671,73.298,73.548,73.371,73.583,73.054,71.476,70.515,70.521,70.711,70.64,70.485,70.968,71.069,,69.549,71.274,72.545,74.506,77.108,79.932,80.554,80.486,82.307,86.944,88.782,93.08,95.549,97.659,98.24,98.255,97.838,104.189,107.742,107.45,107.91,106.09,104.14,105.03,103.15,102.64,101.24,102.38,102.04,101.72,101.32,100.99,96.04,94.25,92.07,93.13,95,94,93.64,93.24,96.02,95.80,96,95,95,97,97,101,101,101,100.60,101.35,101.61,,
Brazil (LPG 13 kg bottle) - Rio de Janeiro,R$/13kg,50.760,50.432,50.336,50.233,49.907,49.672,49.191,49.158,49.061,50.653,51.7,52.283,52.771,52.745,52.683,52.83,54.068,53.96,54.211,54.335,53.706,57.286,60.566,60.913,61.879,62.27,61.394,61.78,62.456,62.309,62.521,62.547,63.076,63.049,63.455,64.265,64.88,65.03,64.67,64.825,64.758,64.659,64.331,64.013,64.08,64.087,64.084,63.873,63.811,63.431,63.29,63.125,63.261,62.83,62.724,62.81,62.943,,65.719,65.389,67.018,68.887,70.376,73.387,75.809,76.171,78.415,83.434,84.59,88.968,91.666,92.647,92.872,92.451,91.717,98.628,101.746,101.06,101.06,100.7,100.37,100.81,97.61,97.89,95.94,95.23,95.44,95.85,95.33,96.61,93.75,92.99,92.57,93.38,94,93,92.39,92.10,93.06,93.17,92,93,93,94,94,97,97,97,96.14,95.86,96.03,,
Burkina Faso  (12.5kg cylinder),XOF/cylinder,5000,5000,5000,5000,5000,5000,5000,5000,5000,5000,5000,5000,5000,5000,5000,5000,5000,5000,5000,5000,5000,5000,5000,5000,5000,5000,5000,5000,5000,5000,5000,5000,5000,5000,5000,5000,5000,5000,5000,5000,5000,5000,5000,5000,5000,5000,5000,5000,5000,5000,5000,5000,5000,5000,5000,5000,5000,5000,5000,5000,5000,5000,5500,5500,5500,5500,5500,5500,5500,5500,5500,5500,5500,5500,5500,5500,5500,5500,5500,5500,5500,5500,5500,5500,5500,5500,5500,5500,5500,5500,5500,5500,5500,5500,5500,5500,5500,5500,5500,5500,5500,5500,5500,5500,5500,5500,5500,5500,5500,5500,5500,5500,5500
Cabo Verde (per kg), ECV/Kg,,,,,,,,,,,,118,122,122,132,132,134,122,116,112,116,126,130,132,134,134,130,123,125,127,133,133,134,136,144,144,124,118,122,130,134,129,125,117,119,107,119,128,132,129,129,138,111,101,109,115,117,112,118,122,118,127,129,135,135,127,124,134,144,147,153,169,168,158,179,177,177,177,177,168,146,146,158,165,158,154,154,163,154,141,126,118,124,140,151,147,144,145,143,147,149,144,133,136,144,142,144,153,150,152,163,163,146
Cameroon (12.5kg cylinder),XAF/cylinder,,,,,,,,,,,,,,6000,6000,6000,6000,6000,6000,6000,6000,6000,6000,6000,6500,6500,6500,6500,6500,6500,6500,6500,6500,6500,6500,6500,6500,6500,6500,6500,6500,6500,6500,6500,6500,6500,6500,6500,6500,6500,6500,6500,6500,6500,6500,6500,6500,6500,6500,6500,6500,6500,6500,6500,6500,6500,6500,6500,6500,6500,6500,6500,6500,6500,6500,6500,6500,6500,6500,6500,6500,6500,6500,6500,6500,6500,6500,6500,6500,6500,6500,6500,6500,6500,6500,6500,6500,6500,6500,6500,6500,6500,6500,6500,6500,6500,6500,6500,6500,6500,6500,6500,6500
Central African Republic (36kg cylinder),XAF/cylinder,,,,,,,,,,,,,,500,500,500,500,500,500,500,500,500,500,500,500,500,500,500,500,500,500,500,500,500,500,500,500,500,500,500,500,500,500,500,500,500,500,500,500,500,500,500,500,500,500,500,500,500,500,500,500,500,500,500,500,500,500,500,500,500,500,500,500,500,500,500,500,500,500,500,500,500,500,500,500,500,500,,,,,,,,,,,,,,,,,,,,,,,,,,
Chile (LPG catalytic 5kg) - Metropolitan Region,CH$/liter,6769,6619,6477,6544,6660,6632,6882,6749,6633,6633,6700,6896,6846,7099,7299,7416,7216,7249,7350,7225,7713,7483,7952,8049,8215,7999,7775,7999,8015,8025,8132,8270,8468,8502,8916,8697,8359,8260,8258,8268,8417,8426,8402,8056,8213,8180,8397,8430,8667,8560,8600,8603,8405,8588,8672,8972,8855,9038,9055,9181,9264,9497,10114,10181,10215,9932,10149,10649,11082,11416,11999,12399,11340,11123,11323,11723,11860,12243,12176,12710,12899,12616,12866,12266,12232,11123,12146,12062,11829,12129,11696,11546,11863,12029,12630,12597,12514,12614,12897,13364,13730,13330,13404,13034,13551,13551,13354,13281,13576,13847,13896,14241,
Chile (LPG current 5kg) - Metropolitan Region,CH$/liter,6602,6452,6345,6411,6528,6495,6745,6611,6496,6496,6563,6760,6710,6963,7163,7279,7079,7113,7214,7076,7255,7350,7828,7922,8088,7872,7648,7872,7888,7896,8005,8143,8347,8380,8794,8574,8236,8136,8134,8144,8293,8302,8277,7928,8085,8047,8264,8297,8199,8091,8132,8135,7925,8108,8191,8491,8386,8563,8585,8664,8774,8981,9597,9629,9674,9368,9602,10021,10454,10787,11370,11770,11251,11034,11234,11634,11767,12151,12101,12634,12823,12540,12790,12190,12156,11034,12071,11986,11753,12053,11620,11470,11787,11954,12555,12521,12438,12538,12821,13288,13655,13255,13321,12955,13588,13588,13355,13305,13605,13921,13955,14305,
Congo (12.5kg cylinder),XAF/cylinder,,,,,,,,,,,,,,6600,6600,6600,6600,6600,6600,6600,6600,6600,6600,6600,6600,6600,6600,6600,6600,6600,6600,6600,6600,6600,6600,6600,6600,6600,6600,6600,6600,6600,6600,6600,6600,6600,6600,6600,6600,6600,6600,6600,6600,6600,6600,6600,6600,6600,6600,6600,6600,6600,6600,6600,6600,6600,6600,6600,6600,6600,6600,6600,6600,6600,6600,6600,6600,6600,6600,6600,6600,6600,6600,6600,6600,6600,6600,,,,,,,,,,,,,,,,,,,,,,,,,,
Cote d'Ivoire (6kg cylinder),XOF/cylinder,,,,,,,,,,,,,,2000,2000,2000,2000,2000,2000,2000,2000,,,,2000,2000,2000,2000,2000,2000,2000,2000,2000,2000,2000,2000,2000,2000,2000,2000,2000,2000,2000,2000,2000,2000,2000,2000,2000,2000,2000,2000,2000,2000,2000,2000,2000,2000,2000,2000,2000,2000,2000,2000,2000,2000,2000,2000,2000,2000,2000,2000,2000,2000,2000,2000,2000,2000,2000,2000,2000,2000,2000,2000,2000,2000,2000,2000,2000,2000,2000,2000,2000,2000,2000,2000,2000,2000,2000,2000,2000,2000,2000,2000,2000,2000,2000,2000,2000,2000,2000,2000,2000
Curacao (100 lb bottle),NAF per 100 lb bottle,45,45,40,40,40,40,40,40,40,40,40,40,40,40,40,40,40,40,40,40,40,40,40,40,50,50,55,55,60,60,65,65,65,65,65,65,65,65,65,65,65,65,65,65,65,65,65,65,65,65,65,67.5,70,60,60,60,70,70,70,70,70,70,70,70,70,70,80,70,70,70,70,80,85,80,80,80,80,80,80,80,80,80,80,80,80,80,80,80,80,80,80,80,80,80,80,80,80,80,80,80,80,80,80,80,80,80,80,80,80,80,80,80,80
Curacao (20 lb bottle),NAF per 20 lb bottle,9,9,8,8,8,8,8,8,8,8,8,8,8,8,8,8,8,8,8,8,8,8,8,8,10,10,11,11,12,12,13,13,13,13,13,13,13,13,13,13,13,13,13,13,13,13,13,13,13,13,13,13.5,14,12,12,12,14,14,14,14,14,14,14,14,14,14,16,14,14,14,14,16,17,16,16,16,16,16,16,16,16,16,16,16,16,16,16,16,16,16,16,16,16,16,16,16,16,16,16,16,16,16,16,16,16,16,16,16,16,16,16,16,16
Egypt (LGP 12.5kg),EGP/cylinder,,,,,,,,,,,,15,15,15,15,15,15,15,15,30,30,30,30,30,30,30,30,30,30,30,30,50,50,50,50,50,50,50,50,50,50,65,65,65,65,65,65,65,65,65,65,65,65,65,65,65,65,65,65,65,65,65,65,65,65,65,65,65,65,65,65,65,65,65,65,75,75,75,75,75,75,75,75,70,70,70,70,65,65,70,70,70,70,70,70,70,70,70,70,70,100,100,100,100,100,100,100,100,100,100,100,100,100
Egypt (LGP 25kg),EGP/cylinder,,,,,,,,,,,,30,30,30,30,30,30,30,30,60,60,60,60,60,60,60,60,60,60,60,60,100,100,100,100,100,100,100,100,100,100,130,130,130,130,130,130,130,130,130,130,130,130,130,130,130,130,130,130,130,130,130,130,130,130,130,130,130,130,130,130,130,130,130,130,150,150,150,150,150,150,150,150,150,150,150,150,130,130,140,140,140,140,140,140,140,140,140,140,140,140,140,140,140,140,140,140,140,140,140,140,140,140
El Salvador (10 lbs)- commercial,US$/cylinder,3.62,3.37,3.24,3.35,3.56,3.57,3.76,3.69,3.63,3.55,3.68,3.89,3.76,4.04,4.33,4.43,3.99,4.31,4.28,4.15,4.33,4.59,4.90,5.04,5.18,5.08,4.93,4.82,4.67,4.77,5.03,5.02,5.18,5.28,5.49,5.22,4.79,4.61,4.57,4.60,4.58,4.50,4.34,3.97,4.01,3.92,4.00,4.04,4.24,4.13,3.88,3.86,3.66,3.68,3.92,4.11,4.10,4.20,4.13,4.21,4.28,4.54,5.13,5.22,5.27,5.03,5.01,5.40,5.72,5.78,5.72,5.72,5.21,4.61,4.61,4.61,4.61,4.61,4.61,4.61,4.61,4.61,4.61,4.61,4.61,4.61,4.61,4.61,4.61,4.61,4.54,4.34,4.50,4.61,4.61,4.61,4.52,4.52,4.61,5.25,4.96,4.61,4.68,4.61,4.61,4.61,4.58,4.61,4.61,4.61,4.61,4.61,4.61
El Salvador (10 lbs)- hh,US$/cylinder,3.62,3.37,3.24,3.35,3.56,3.57,3.76,3.69,3.63,3.55,3.68,3.89,3.76,4.04,4.33,4.43,3.99,4.31,4.28,4.15,4.33,4.59,4.90,5.04,5.18,5.08,4.93,4.82,4.67,4.77,5.03,5.02,5.18,5.28,5.49,5.22,4.79,4.61,4.57,4.60,4.58,4.50,4.34,3.97,4.01,3.92,4.00,4.04,4.24,4.13,3.88,3.86,3.66,3.68,3.92,4.11,4.10,4.20,4.13,4.21,4.28,4.54,5.13,5.22,5.27,5.03,5.01,5.40,5.72,5.78,5.72,5.72,5.21,4.61,4.61,0.00,0.00,0.00,0.00,0.00,0.00,0.00,0.00,0.00,0.00,0.00,0.00,0.00,0.00,0.00,0.00,0.00,0.00,0.00,0.00,0.00,0.00,0.00,0.00,0.00,0.00,0.00,0.00,0.00,0.00,0.00,0.00,0.00,0.00,0.00,0.00,0.00,0.00
El Salvador (20 lbs)- commercial,US$/cylinder,7.20,6.71,6.43,6.66,7.08,7.10,7.48,7.35,7.21,7.06,7.33,7.75,7.49,8.05,8.61,8.83,7.94,8.35,8.30,8.04,8.40,8.92,9.54,9.81,10.10,9.90,9.59,9.37,9.08,9.28,9.80,9.78,10.10,10.29,10.72,10.18,9.32,8.96,8.87,8.93,8.89,8.73,8.42,7.67,7.76,7.58,7.73,7.82,8.22,8.00,7.50,7.46,7.06,7.08,7.57,7.95,7.94,8.13,7.99,8.15,8.29,8.81,9.99,10.18,10.28,9.80,9.76,10.54,11.18,11.30,11.19,11.19,10.18,8.98,8.98,8.98,8.98,8.98,8.98,8.98,8.98,8.98,8.98,8.98,8.98,8.98,8.98,8.98,8.98,8.98,8.80,8.41,8.73,8.98,8.98,8.98,8.78,8.78,8.98,10.23,9.65,8.98,9.09,8.98,8.98,8.98,8.90,8.98,8.98,8.98,8.98,8.98,8.98
El Salvador (20 lbs)- hh,US$/cylinder,7.20,6.71,6.43,6.66,7.08,7.10,7.48,7.35,7.21,7.06,7.33,7.75,7.49,8.05,8.61,8.83,7.94,8.35,8.30,8.04,8.40,8.92,9.54,9.81,10.10,9.90,9.59,9.37,9.08,9.28,9.80,9.78,10.10,10.29,10.72,10.18,9.32,8.96,8.87,8.93,8.89,8.73,8.42,7.67,7.76,7.58,7.73,7.82,8.22,8.00,7.50,7.46,7.06,7.08,7.57,7.95,7.94,8.13,7.99,8.15,8.29,8.81,9.99,10.18,10.28,9.80,9.76,10.54,11.18,11.30,11.19,11.19,10.18,8.98,8.98,0.94,0.94,0.94,0.94,0.94,0.94,0.94,0.94,0.94,0.94,0.94,0.94,0.94,0.94,0.94,0.94,0.94,0.94,0.94,0.94,0.94,0.94,0.94,0.94,0.94,0.94,0.94,0.94,0.94,0.94,0.94,0.86,0.94,0.94,0.94,0.94,0.94,0.94
El Salvador (25 lbs) - commercial,US$/cylinder,8.97,8.35,8.01,8.30,8.82,8.85,9.32,9.15,8.98,8.79,9.13,9.65,9.33,10.03,10.73,11.00,9.89,10.35,10.29,9.97,10.41,11.07,11.84,12.18,12.54,12.29,11.90,11.63,11.26,11.51,12.16,12.14,12.54,12.78,13.31,12.63,11.56,11.11,11.00,11.07,11.02,10.82,10.43,9.49,9.61,9.39,9.57,9.69,10.18,9.90,9.28,9.24,8.73,8.76,9.37,9.85,9.84,10.07,9.89,10.09,10.26,10.92,12.39,12.63,12.75,12.15,12.10,13.08,13.89,14.04,13.90,13.90,12.64,11.13,11.13,11.13,11.13,11.13,11.13,11.13,11.13,11.13,11.13,11.13,11.13,11.13,11.13,11.13,11.13,11.13,10.91,10.42,10.82,11.13,11.13,11.13,10.89,10.89,11.13,12.70,11.97,11.13,11.27,11.13,11.13,11.13,11.04,11.13,11.13,11.13,11.13,11.13,11.13
El Salvador (25 lbs) - hh,US$/cylinder,8.97,8.35,8.01,8.30,8.82,8.85,9.32,9.15,8.98,8.79,9.13,9.65,9.33,10.03,10.73,11.00,9.89,10.35,10.29,9.97,10.41,11.07,11.84,12.18,12.54,12.29,11.90,11.63,11.26,11.51,12.16,12.14,12.54,12.78,13.31,12.63,11.56,11.11,11.00,11.07,11.02,10.82,10.43,9.49,9.61,9.39,9.57,9.69,10.18,9.90,9.28,9.24,8.73,8.76,9.37,9.85,9.84,10.07,9.89,10.09,10.26,10.92,12.39,12.63,12.75,12.15,12.10,13.08,13.89,14.04,13.90,13.90,12.64,11.13,11.13,3.09,3.09,3.09,3.09,3.09,3.09,3.09,3.09,3.09,3.09,3.09,3.09,3.09,3.09,3.09,3.09,3.09,3.09,3.09,3.09,3.09,3.09,3.09,3.09,3.09,3.09,3.09,3.09,3.09,3.09,3.09,3.00,3.09,3.09,4.09,5.09,6.09,7.09
El Salvador (35 lbs) - commercial,US$/cylinder,12.56,11.69,11.22,11.62,12.35,12.39,13.05,12.82,12.58,12.31,12.78,13.51,13.07,14.04,15.03,15.40,13.85,14.40,14.32,13.87,14.49,15.41,16.49,16.96,17.47,17.11,16.57,16.19,15.68,16.02,16.94,16.90,17.47,17.80,18.55,17.60,16.10,15.47,15.32,15.42,15.34,15.06,14.52,13.21,13.37,13.06,13.32,13.48,14.17,13.78,12.91,12.85,12.14,12.19,13.03,13.71,13.69,14.01,13.77,14.05,14.29,15.21,17.27,17.60,17.77,16.93,16.86,18.24,19.36,19.57,19.37,19.37,17.60,15.50,15.50,15.50,15.50,15.50,15.50,15.50,15.50,15.50,15.50,15.50,15.50,15.50,15.50,15.50,15.50,15.50,15.20,14.51,15.06,15.50,15.50,15.50,15.16,15.16,15.50,17.69,16.68,15.50,15.70,15.50,15.50,15.50,15.37,15.50,15.50,15.50,15.50,15.50,15.50
El Salvador (35 lbs) - hh,US$/cylinder,12.56,11.69,11.22,11.62,12.35,12.39,13.05,12.82,12.58,12.31,12.78,13.51,13.07,14.04,15.03,15.40,13.85,14.40,14.32,13.87,14.49,15.41,16.49,16.96,17.47,17.11,16.57,16.19,15.68,16.02,16.94,16.90,17.47,17.80,18.55,17.60,16.10,15.47,15.32,15.42,15.34,15.06,14.52,13.21,13.37,13.06,13.32,13.48,14.17,13.78,12.91,12.85,12.14,12.19,13.03,13.71,13.69,14.01,13.77,14.05,14.29,15.21,17.27,17.60,17.77,16.93,16.86,18.24,19.36,19.57,19.37,19.37,17.60,15.50,15.50,7.46,7.46,7.46,7.46,7.46,7.46,7.46,7.46,7.46,7.46,7.46,7.46,7.46,7.46,7.46,7.46,7.46,7.46,7.46,7.46,7.46,7.46,7.46,7.46,7.46,7.46,7.46,7.46,7.46,7.46,7.46,7.33,7.46,7.46,7.46,7.46,7.46,7.46
French Guiana ,EUR per 12.5 kg bottle,,,,,,,,,,,,,,,,,,,,,,,,,,22.51,22.05,21.38,21.06,20.83,21.95,21.93,23.1,22.71,23.61,23.28,20.68,20.66,20.72,21.1,20.74,20.32,19.45,18.06,18.23,17.99,18.68,19.12,20.12,19.98,19.61,19.59,17.89,18.69,19.34,20.22,19.48,19.67,20.62,20.62,21.81,22.55,23.03,23.29,24.49,22.69,23.1,24.44,25.65,26.39,27.54,28.78,27.59,26.01,27.52,27.68,28.39,27.31,26.45,24.63,24.57,24.48,24.48,21.18,22.57,21.44,22.84,23.8,22.73,22.45,20.7,19.64,20.23,20.67,21.1,20.73,21.19,22.84,23.01,23.35,22.69,22.71,21.41,22.26,22.98,22.91,23.73,22.73,25.10,24.85,26.18,25.18,24.55
Fiji (12kg cylinder) ,Fiji dollar per cylinder,27.85,28.35,28.35,28.35,33.38,33.38,33.38,30.7,30.7,30.7,,,,,,,32.04,32.04,32.04,33.78,33.78,33.78,33.55,33.55,33.55,38.48,38.48,38.48,33.94,33.94,33.94,34.38,34.38,34.38,38.8,38.8,38.8,36.84,36.84,36.84,34.37,34.37,34.37,35.89,35.89,35.89,31.58,35.89,34.58,34.58,37.08,37.08,38.47,37.42,29.41,31.64,30.79,30.42,31.09,31.77,33.53,33.53,33.39,36.07,37.79,38.43,36.83,34.88,36.74,40.51,42.84,44.96,48.3,46.24,44.98,47.63,48.3,49.35,47.32,44.56,44.35,43.01,42.22,40.8,41.8,42.7,40.24,45.85,44.65,38.59,38.37,34.56,32.62,35.35,39.3,41.46,42.18,41.6,42,42,42,42.33,41.47,40.12,39.28,39.63,39.46,39.91,40.92,41,42,41,
Fiji (4.5kg cylinder) ,Fiji dollar per cylinder,10.44,10.63,10.63,10.63,12.52,12.52,12.52,11.51,11.51,11.51,,,,,,,12.01,12.01,12.01,12.67,12.67,12.67,12.58,12.58,12.58,14.43,14.43,14.43,12.72,12.72,12.72,12.89,12.89,12.89,14.55,14.55,14.55,13.81,13.81,13.81,12.89,12.89,12.89,13.46,13.46,13.46,11.84,13.46,12.97,12.97,13.88,13.88,14.43,14.03,11.03,11.86,11.54,11.41,11.66,11.91,12.57,12.57,12.52,13.53,14.17,14.41,13.81,13.08,13.78,15.19,16.07,16.86,18.11,17.34,16.87,17.86,18.11,18.51,17.74,16.71,16.63,16.13,15.83,15.3,15.68,16.01,15.09,17.19,16.74,14.47,14.39,12.96,12.23,13.26,14.74,15.55,15.82,15.6,16,16,16,15.87,15.55,15.05,14.73,14.86,14.80,14.97,15.35,16,16,16,
Fiji (40kg cylinder) ,Fiji dollar per cylinder,,,,,,,,,,,,,,,,,,,,,,,,,,,,,,,,,,,129.32,129.32,129.32,122.79,122.79,122.79,114.56,114.56,114.56,119.64,119.64,119.64,105.25,105.25,115.26,115.26,123.42,123.42,128.22,124.72,98.02,105.46,102.62,101.39,103.65,102.1,105.89,111.76,111.29,120.24,125.96,128.11,122.76,116.27,122.48,135.05,142.81,149.88,161.01,154.14,149.94,158.75,161,164.51,157.72,148.52,147.84,143.37,140.73,135.99,139.35,142.34,134.13,152.82,148.84,128.62,127.9,115.2,108.74,117.84,131.01,138.19,140.61,138.68,,,,,,,,,,,,,,,
Fiji (50kg cylinder) ,Fiji dollar per cylinder,,,,,,,,,,,,,,,,,,,,,,,,,,,,,,,,,,,131.66,131.66,131.66,153.48,153.48,153.48,143.2,143.2,143.2,149.55,149.55,149.55,131.56,131.56,144.08,144.08,154.27,154.27,160.28,155.9,122.53,131.83,128.28,126.74,129.56,127.63,132.37,139.7,139.11,150.3,157.45,160.14,153.45,145.34,153.09,168.81,178.51,187.35,201.27,192.68,187.42,198.44,201.25,205.64,197.15,185.65,184.8,179.21,175.91,169.98,174.19,177.93,167.66,191.02,186.05,160.78,159.88,144,135.92,147.3,163.76,172.73,175.77,173.35,,,,,,,,,,,,,,,
Fiji (LPG per kg wholesale),Fiji dollar per kg,2.32,2.36,2.36,2.36,2.78,2.78,2.78,2.56,2.56,2.56,,,,,,,2.67,2.67,2.67,2.39,2.39,2.39,2.38,2.38,2.38,2.72,2.72,2.72,2.83,2.83,2.83,2.87,2.87,2.87,3.23,3.23,3.23,3.07,3.07,3.07,2.86,2.86,2.86,2.99,2.99,2.99,2.63,2.99,2.88,2.88,3.09,3.09,3.21,3.12,2.45,2.64,2.57,2.53,2.59,2.55,2.65,2.79,2.78,3.01,3.15,3.2,3.07,2.91,3.06,3.38,3.57,3.75,4.03,3.85,3.75,3.97,4.02,4.11,3.94,3.71,3.7,3.58,3.52,3.4,3.48,3.56,3.35,3.82,3.72,3.22,3.2,2.88,2.72,2.95,3.28,3.45,3.52,3.47,3.21,3.21,3.25,3.27,3.20,3.10,3.03,3.06,3.04,3.08,3.08,3.20,3.25,3.20,
Gabon (12.5kg cylinder),XAF/cylinder,,,,,,,,,,,,,,,5450,5450,5450,5450,5450,5450,5450,5450,5450,5450,5450,5450,5450,5450,5450,5450,5950,5950,5950,5950,5950,5950,5950,5950,5950,5950,5950,5950,5950,5950,5950,5950,5950,5950,5950,5950,5950,5950,5950,5950,5950,5950,5950,5950,5950,5950,5950,5950,5950,5950,5950,5950,5950,5950,5950,5950,5950,5950,5950,5950,5950,5950,5950,5950,5950,5950,5950,5950,5950,5950,5950,5950,5950,5950,5950,5950,5950,5950,5950,5950,5950,5950,5950,4950,4950,4950,4950,4950,4950,4950,4950,4950,4950,4950,4950,4950,4950,4950,4950
Ghana (based on biweekly price survey),GHS/kg,,,,,,,,,,,,,,3.97,4.44,4.66,4.64,4.40,4.33,4.28,4.58,4.71,4.78,4.91,5.04,4.89,4.86,4.72,4.75,4.75,4.86,5.05,5.05,5.27,5.68,5.46,5.12,4.95,5.10,5.59,5.72,5.63,5.43,,,,,,,5.67,5.84,5.75,4.89,4.64,4.70,5.04,5.03,4.98,5.21,5.30,5.38,5.83,5.99,6.14,6.25,6.36,6.36,6.86,7.32,7.37,7.98,8.47,8.39,8.27,8.84,10.55,11.10,10.94,10.94,10.24,10.96,11.22,11.70,15.10,14.58,13.01,14.31,14.61,13.06,12.60,10.96,10.11,13.00,13.00,12.99,12.69,12.64,,,,14.66,15.50,15.21,14.86,15.13,15.62,20.99,17.68,17.24,16.94,17.40,17.52,
Grenada - LPG 20 lb cylinder ,EC$/cylinder,42,42,42,42,42,42,42,42,42,42,42,42,42,40,40,40,40,40,40,40,40,40,40,40,40,40,40,40,40,40,40,40,40,40,40,40,40,40,40,40,40,40,40,40,40,40,40,40,40,40,40,40,40,40,40,40,40,40,40,40,40,40,40,40,40,40,40,40,40,40,40,40,40,40,40,40,40,40,40,40,40,40,40,40,40,40,40,40,40,40,40,40,40,40,40,40,40,40,40,40,40,40,40,40,40,40,40,40,40,40,40,40,40
Grenada - LPG 20 lb cylinder - Petrocaribe,EC$/cylinder,,,,,,,,37,37,37,37,37,37,37,37,37,37,37,37,37,37,37,37,37,37,37,37,37,37,37,37,37,37,37,37,37,37,37,37,37,37,37,37,37,37,37,37,37,37,37,37,37,37,37,37,37,37,37,37,37,37,37,37,37,37,37,37,37,37,46,46,46,46,,,,,,,,,,,,,,,,,,,,,,,,,,,,,,,,,,,,,,,,
Guatemala  - country regulated price (LPG 25lb cylinder,Q/Cylinder,90,90,90,90,90,90,105,105,95,95,93,93,95,95,105,105,105,105,105,105,105,105,105,113,120,120,120,120,120,120,120,120,120,120,128,127,123,118,115,115,115,115,113,107,107,110,100,103,110,110,109,105,100,99,99,99,99,99,99,99,99,106,116,118,120,120,120,120,120,123,132,138,122,122,122,146,122,122,122,122,122,142,122,122,122,122,122,125,115,115,125,135,135,135,135,135,125,115,115,115,115,115,115,110,110,110,110,110,110,110,110,110,110
Honduras (LPG 25lb),HNL/cylinder,,,,,,,,,,,,,,247,255,257,262,263,263,263,263,263,263,263,263,263,263,269,273,274,286,289,291,298,309,309,292,278,278,278,278,278,278,258,258,258,258,258,258,258,245,241,233,231,231,234,234,234,234,235,238,241,238,238,238,238,238,238,238,238,238,238,238,251,253,238,238,238,238,238,238,238,238,238,238,238,238,238,238,238,238,238,238,238,238,238,238,238,238,238,238,238,238,238,238,238,238,238,238,238,238,238,238
India (14.2 kg subsidized) - Mumbai ,INR/cylinder,,454,,,452,442,,,,,,458,460,462,,,468.5,470.5,474.5,488,60,485.5,487,,482,,,,,,491.31,494.1,495.87,497.36,500.11,503.11,498.57,492.66,491.19,493.32,493.57,493.86,495.09,492.04,,,,651,665,684.5,829,776,714.5,552,590.5,594,,,,,,694,769,794,809,,,834.5,859.5,884.5,905,899.5,899.5,899.5,899.5,899.5,,,,,,,,,,,,,,,,,,,,,,,,,,,,,,,,,,,,,
India (14.2 kg subsidized) - New Delhi ,INR/cylinder,,434.5,,,419,,,,,,,430.5,432.5,434.5,,,440.5,442.5,446.5,473,477.5,481.5,483,,,,,,493.55,,483,496.26,498.02,499.51,502.4,505.34,500.9,494.99,493.53,495.61,495.86,496.14,497.37,494.35,,,,681.5,695,714,858.5,805.5,744,581.5,593,594,,,,,,694,719,769,794,,809,,,834.5,859.5,884.5,899.5,899.5,899.5,899.5,899.5,899.5,899.5,899.5,,,,,,,,,,,,,,,,,,,,,,,,,,,,,,,,,
India (14.2 kg unsubsidized) - Mumbai ,INR/cylinder,,,,,518,535,,,,,,531,587,588,656,744.5,729.5,635,554,553.5,502.5,502.5,625,718.5,719,713,708,,625,,671.5,728.5,764.5,795,851,912,780.5,660,630,673.5,678.5,684.5,709.5,608.5,546.5,562,574.5,651,665,684.5,829,776,714.5,552,590.5,594,,,,,,694,760.7,794,809,,,834.5,859.5,884.5,905,899.5,899.5,899.5,899.5,899.5,949.5,983.00,1002.5,1027.5,1052.5,1052.5,1052.5,1052.5,1052.5,1052.5,1052.5,1114.5,1114.5,1114.5,1102.5,1102.5,1102.5,902.5,902.5,1052.5,902.5,903,903,803,803,803,803,803,803,803,803,803,803,803,803,803,803
India (14.2 kg unsubsidized) - New Delhi ,INR/cylinder,,608,,,509.5,527.5,,,,,,529.5,584,585,651.5,737.5,723,631,552.5,564,524,597.5,649,742,747,741,,736,653.5,,698.5,754,789.5,820,879,939,809.5,589,659,701.5,706.5,712.5,737.5,637,574.5,590,605,981.5,695,714,858.5,805.5,744,581.5,593,594,,,,,,694,761.00,794,809,,,834.5,859.5,884.5,899.5,899.5,899.5,899.5,899.5,899.5,949.5,892.00,1003,1053,1053,1053,1053,1053,1053,1053,1053,1103,1103,1103,1103,1103,1103,903,903,1053,903,903,903,803,803,803,803,803,803,803,803,803,803,803,803,803,803
India (5 kg subsidized) - Mumbai ,INR/cylinder,,,,,,,,,,,,,,,,,,,,,,,,,,,,,,,,,,,,,,,,,,,,,,,,,,,,,,,,,,,,,,,,,,,,,,,,,,,,,,,,,,,,,,,,,,,,,,,,,,,,,,,,,,,,,,,,,
India (5 kg subsidized) - New Delhi ,INR/cylinder,,156,156,156,156,,,,,,,,,,,,,,,,,,,,,,,,,,,,,,,160.5,161,162,162,162,164,164.5,166,176,177.5,179,179.5,252,256.5,263.5,,,,,,,,,,,,,,,,,,,,,,,,,,,,,,,,,,,,,,,,,,,,,,,,,,,,,,,,,,,,,,,
India (5 kg unsubsidized) - Mumbai ,INR/cylinder,,245,245,245,245,245,,,,,,196,216,,240,271.5,532,233,204.5,,186.5,212.5,229.5,,,,,,,,,,,,,,,,,,,,,,,,,241,246,253,,,,,,308,317,326,331.5,331.5,331.5,331.5,331.5,331.5,349.5,367.5,369,369,387,387,387,387,387,387,387,411,411,411,405,405,405,335,335,387,387,387,387,411,411,411,405,405,405,335,335,387,335,335,335,299.50,299.50,299.50,299.50,299.50,299.50,299.50,299.50,299.50,299.50,299.50,299.50,299.50,299.50
India (5 kg unsubsidized) - New Delhi ,INR/cylinder,,240,,,187.5,194,,,,,,195.5,214.5,215,238,268.5,263.5,231,203.5,208,194,220,238,270.5,272.5,270.5,268.5,,329.5,,255.5,,,,,,,,,,,,,,,,,252,256.5,263.5,,,,,,,,,,,,,,,,,,307.5,325.5,325.5,331,331,331,331,331,331,349,362.00,369,387,387,387,387,387,387,387,387,405,405,405,405,405,405,335,335,387,335,335,335,299.50,299.50,299.50,299.50,299.50,299.50,299.50,299.50,299.50,299.50,299.50,299.50,299.50,299.50
Israel (LPG) - prices at refinery gate excluding taxes and duties,ILS/kg,1.72,1.60,1.44,1.44,1.53,1.40,1.33,1.58,1.43,1.43,1.61,1.72,1.63,1.81,2.09,2.19,1.83,1.67,1.47,1.32,1.44,1.84,1.90,1.94,2.04,2.13,1.97,1.74,1.79,1.80,2.04,2.01,2.09,2.16,2.32,2.30,1.71,1.56,1.60,1.86,1.98,1.75,1.62,1.42,1.45,1.05,1.27,1.64,1.75,1.73,1.84,1.84,1.12,0.78,0.95,1.26,1.34,1.06,1.26,1.52,1.43,1.72,1.90,2.02,1.92,1.68,1.47,1.83,2.09,2.17,2.33,2.84,2.69,2.50,2.87,2.96,3.19,3.06,3.18,2.82,2.33,1.94,2.23,2.51,2.44,2.21,2.59,2.76,2.69,2.39,1.67,1.45,1.83,2.13,2.40,2.49,2.27,,,,,,,,,,,,,,,,
Jamaica (Butane),JMD/liter,38.97,37.56,36.48,36.86,36.86,40.43,42.32,42.75,41.88,43.26,44.32,42.96,42.52,41.14,44.73,46.06,48.51,47.26,45.61,46.33,51.29,53.43,54.69,53.68,51.47,50.94,47.59,48.06,47.02,51.30,53.39,58.74,61.61,65.11,63.32,55.57,52.03,50.44,53.73,50.83,49.92,46.87,39.49,40.66,41.06,44.95,46.65,51.97,47.64,45.95,49.77,46.39,45.04,47.14,50.66,48.36,51.17,52.18,50.10,51.70,51.77,51.75,53.76,56.87,54.33,58.97,65.13,73.63,77.60,79.81,86.28,86.59,80.15,82.71,86.83,91.43,90.35,87.27,84.09,77.50,74.45,73.00,68.12,68.95,66.31,72.11,77.86,75.63,74.38,68.40,64.49,66.31,72.17,75.21,74.4319,76.8284,81.2944,82.66,85.76,79.87,78.44,73.69,76.96,80.80,80.64,81.44,83.10,84.44,82.03,73.51,71.65,67.71,
Jamaica (Propane),JMD/liter,31.40,30.36,29.32,31.98,31.99,34.65,35.81,36.08,34.62,36.16,36.85,35.17,34.09,34.55,38.37,40.62,43.89,42.64,41.01,40.39,44.74,48.51,50.49,51.53,49.82,48.29,44.87,44.47,43.70,47.85,48.79,51.87,55.10,58.59,56.03,49.52,45.76,42.37,45.42,44.71,43.86,43.49,37.15,38.54,38.81,41.19,41.09,45.22,41.34,35.22,40.45,40.06,36.69,42.89,48.71,47.22,49.78,47.37,46.16,46.31,47.53,53.01,55.96,56.98,54.76,54.82,59.24,64.97,69.83,72.88,79.28,77.33,70.50,72.31,76.99,81.54,79.47,77.48,74.63,68.98,65.98,65.51,61.29,62.38,58.70,64.02,70.95,68.57,66.50,60.80,57.15,58.78,64.27,68.26,67.9337,68.4237,72.1112,73.40,76.83,70.99,70.61,66.38,69.26,73.08,71.91,71.41,73.22,74.43,72.34,82.76,79.68,75.38,
Jordan (LPG - 12.5kg),JD/CY,7.5,7,7,7,7,7,7,7,7,7,7,73,7,7,7,7,7,7,7,7,7,7,7,7,7,7,7,7,7,7,7,7,7,7,7,7,7,7,7,7,7,7,7,7,7,7,7,7,7,7,7,7,7,7,7,7,7,7,7,7,7,7,7,7,7,7,7,7,7,7,7,7,7,7,7,7,7,7,7,7,7,7,7,7,7,7,7,7,7,7,7,7,7,7,7,7,7,7,7,7,7,7,7,7,7,7,7,7,7,7,,,
Lebanon (LPG 10kg),LBP/cylinder,12900,12400,11975,12160,12275,12200,12660,12900,12400,13125,13575,13580,13700,14575,15475,15300,14125,13340,12925,12550,13860,14825,15150,15400,15850,15850,14975,14450,14575,15120,15400,15500,15620,16200,16780,14900,13375,13020,14025,14975,14825,14000,13200,13100,12150,11700,13120,14375,14525,14620,15050,14875,11000,11333,12875,15980,15050,15340,17725,17675,20320,23650,24475,26880,25529,24733,29450,49260,74350,116775,207480,269525,288057,304164,274811,304933,335636,399700,357385,325818,322385,371947,427118,439235,469944,570250,873563,1214520,1108429,912333,832250,786444,878778,932250,968889,949250,939333,936250,938143,943625,926000,848500,817571,867333,,,,,,,,,
Malawi ,MWK/kg,,,,,,,,,,,1999.99,,,,,,,2178.7,2178.7,,2076.02,2076.02,,,,,,,,,,,,,,,2119.87,2119.87,,,,,,,,1744.75,1744.75,1744.75,1744.75,1744.75,1744.75,1744.75,1744.75,1617.41,1617.41,1617.41,1617.41,1617.41,1617.41,1617.41,1880,1880,1880,1952,2065,2065,2065,2065,2065,2065,2175,2175,2175,2175,2175,2175,2640,2560,2956,2956,2726,2600,2600,2450,2450,2450,2450,2450,2450,2450,2450,2450,2450,2450,2450,3245,3245,3245,3245,3245,3245,3245,3245,3245,3245,3245,3245,3245,3245,3245,3245,3245,3245
Malaysia,RM/kg,1.90,1.90,1.90,1.90,1.90,1.90,1.90,1.90,1.90,1.90,1.90,1.90,1.90,1.90,1.90,1.90,1.90,1.90,1.90,1.90,1.90,1.90,1.90,1.90,1.90,1.90,1.90,1.90,1.90,1.90,1.90,1.90,1.90,1.90,1.90,1.90,1.90,1.90,1.90,1.90,1.90,1.90,1.90,1.90,1.90,1.90,1.90,1.90,1.90,1.90,1.90,1.90,1.90,1.90,1.90,1.90,1.90,1.90,1.90,1.90,1.90,1.90,1.90,1.90,1.90,1.90,1.90,1.90,1.90,1.90,1.90,1.90,1.90,1.90,1.90,1.90,1.90,1.90,1.90,1.90,1.90,1.90,1.90,1.90,1.90,1.90,1.90,1.90,1.90,1.90,1.90,1.90,1.90,1.90,1.90,1.90,1.90,,,,,,,,,,,,,,,,
Malaysia (10 kg cylinder),RM/cylinder,19.00,19.00,19.00,19.00,19.00,19.00,19.00,19.00,19.00,19.00,19.00,19.00,19.00,19.00,19.00,19.00,19.00,19.00,19.00,19.00,19.00,19.00,19.00,19.00,19.00,19.00,19.00,19.00,19.00,19.00,19.00,19.00,19.00,19.00,19.00,19.00,19.00,19.00,19.00,19.00,19.00,19.00,19.00,19.00,19.00,19.00,19.00,19.00,19.00,19.00,19.00,19.00,19.00,19.00,19.00,19.00,19.00,19.00,19.00,19.00,19.00,19.00,19.00,19.00,19.00,19.00,19.00,19.00,19.00,19.00,19.00,19.00,19.00,19.00,19.00,19.00,19.00,19.00,19.00,19.00,19.00,19.00,19.00,19.00,19.00,19.00,19.00,19.00,19.00,19.00,19.00,19.00,19.00,19.00,19.00,19.00,19.00,19.00,19.00,19.00,19.00,19.00,19.00,19.00,19.00,19.00,19.00,19.00,19.00,19.00,,,
Malaysia (12kg cylinder),RM/cylinder,22.80,22.80,22.80,22.80,22.80,22.80,22.80,22.80,22.80,22.80,22.80,22.80,22.80,22.80,22.80,22.80,22.80,22.80,22.80,22.80,22.80,22.80,22.80,22.80,22.80,22.80,22.80,22.80,22.80,22.80,22.80,22.80,22.80,22.80,22.80,22.80,22.80,22.80,22.80,22.80,22.80,22.80,22.80,22.80,22.80,22.80,22.80,22.80,22.80,22.80,22.80,22.80,22.80,22.80,22.80,22.80,22.80,22.80,22.80,22.80,22.80,22.80,22.80,22.80,22.80,22.80,22.80,22.80,22.80,22.80,22.80,22.80,22.80,22.80,22.80,22.80,22.80,22.80,22.80,22.80,22.80,22.80,22.80,22.80,22.80,22.80,22.80,22.80,22.80,22.80,22.80,22.80,22.80,22.80,22.80,22.80,22.80,22.80,22.80,22.80,22.80,22.80,22.80,22.80,22.80,22.80,22.80,22.80,22.80,22.80,,,
Malaysia (14kg cylinder),RM/cylinder,26.60,26.60,26.60,26.60,26.60,26.60,26.60,26.60,26.60,26.60,26.60,26.60,26.60,26.60,26.60,26.60,26.60,26.60,26.60,26.60,26.60,26.60,26.60,26.60,26.60,26.60,26.60,26.60,26.60,26.60,26.60,26.60,26.60,26.60,26.60,26.60,26.60,26.60,26.60,26.60,26.60,26.60,26.60,26.60,26.60,26.60,26.60,26.60,26.60,26.60,26.60,26.60,26.60,26.60,26.60,26.60,26.60,26.60,26.60,26.60,26.60,26.60,26.60,26.60,26.60,26.60,26.60,26.60,26.60,26.60,26.60,26.60,26.60,26.60,26.60,26.60,26.60,26.60,26.60,26.60,26.60,26.60,26.60,26.60,26.60,26.60,26.60,26.60,26.60,26.60,26.60,26.60,26.60,26.60,26.60,26.60,26.60,26.60,26.60,26.60,26.60,26.60,26.60,26.60,26.60,26.60,26.60,26.60,26.60,26.60,,,
Martinique (LPG 12.5 kg cylinder),Eur/cylinder,19.31,20.08,19.4,19.89,19.92,19.49,20.17,19.9,20.1,20.1,20.01,20.96,20.77,22.82,23.57,25.02,21.48,21.51,21.35,20.76,21.14,21.53,22.68,23.37,23.26,22.97,22.49,21.8,21.47,21.23,22.38,22.37,23.59,23.17,24.11,23.77,21.07,21.11,21.11,21.5,21.2,20.77,19.86,18.42,18.6,18.34,19.07,19.52,20.56,20.51,21.27,20.25,20.35,21.2,21.88,22.81,22.04,22.23,23.24,23.23,24.5,25.28,25.78,26.06,27.34,25.43,25.86,27.29,28.56,29.35,30.56,31.87,30.61,28.94,30.54,30.71,31.46,30.32,29.41,27.48,27.32,27.32,26.69,23.83,25.3,24.11,25.59,26.61,25.47,25.18,23.32,22.2,22.82,23.29,23.74,23.35,23.85,25.58,25.77,26.12,25.43,25.45,24.07,24.97,25.66,26.53,27.89,27.98,27.71,29.13,29.13,28.06,27.4
Mauritania (12kg cylinder),MRU/cylinder,,,,,,,,,,,,,,,,,,,,,,,,,,30,30,30,30,30,30,30,30,30,30,30,30,30,30,30,30,30,30,30,30,30,30,30,30,30,30,30,30,30,30,30,30,30,30,30,30,30,30,30,30,30,30,30,30,30,30,30,30,30,30,30,30,30,30,30,30,30,30,30,30,30,30,30,30,30,30,30,30,30,30,30,30,30,30,30,30,30,30,30,30,30,30,30,30,30,30,30,30
Mauritius (LPG 12kg),RS/cylinder,,,,,,,,,,,,,,,,,,,,,,,,,,,,,,,,,,,,,,,,,,,,,,,,,,,,,,,,,,,,,,,,,,,,,,,,,,,,,240,240,240,240,240,240,240,240,240,240,240,240,240,240,240,240,240,240,240,240,240,240,240,240,240,240,190,190,190,190,190,190,190,190,,,
Mauritius (LPG 5kg),RS/cylinder,,,,,,,,,,,,,,,,,,,,,,,,,,,,,,,,,,,,,,,,,,,,,,,,,,,,,,,,,,,,,,,,,,,,,,,,,,,,,10,10,10,10,10,10,10,10,10,10,10,10,10,10,10,10,10,10,10,10,10,10,10,10,10,10,80,80,80,80,80,80,80,80,,,
Mauritius (LPG 6kg),RS/cylinder,,,,,,,,,,,,,,,,,,,,,,,,,,,,,,,,,,,,,,,,,,,,,,,,,,,,,,,,,,,,,,,,,,,,,,,,,,,,,120,120,120,120,120,120,120,120,120,120,120,120,120,120,120,120,120,120,120,120,120,120,120,120,120,120,95,95,95,95,95,95,95,95,,,
Mexico  - Baja California Region (Tijuana),peso/kg,,,,,,,,,,,,,,15.44,17.04,17.24,17.30,17.14,17.46,17.83,18.20,18.28,19.00,19.47,20.56,21.08,21.31,20.42,20.17,20.84,21.32,21.51,21.63,22.20,22.35,22.45,22.27,21.53,,,20.98,20.66,20.33,20.19,20.22,20.15,20.41,20.85,20.81,20.78,20.78,20.78,20.79,20.80,20.80,21.70,22.15,22.15,22.82,22.83,23.50,24.54,25.62,25.80,25.79,25.75,26.09,27.66,20.79,21.92,23.84,22.82,20.50,20.90,22.12,25.27,24.77,24.51,24.56,24.13,22.70,22.51,20.53,20.50,19.17,19.29,19.49,19.02,18.26,16.96,15.94,16.06,16.47,17.05,17.93,17.54,17.64,18.75,20.22,18.89,19.47,18.71,18.68,19.92,19.86,19.59,20.02,19.33,19.58,19.61,19.59,19.65,
Mexico  - Mexico Region,peso/kg,,,,,,,,,,,,,,14.66,15.29,15.30,15.28,15.24,14.84,14.77,15.29,15.99,17.56,18.70,18.76,19.08,18.45,17.58,17.32,18.76,19.07,19.18,19.73,20.33,20.18,19.49,19.25,19.06,,,19.23,18.14,17.00,16.75,16.73,17.10,17.81,18.45,18.65,18.15,18.03,18.22,17.92,17.92,19.44,19.91,20.25,20.14,20.71,20.80,21.38,23.18,24.48,24.99,24.53,24.78,26.03,26.53,22.20,23.29,24.71,23.20,20.90,21.25,22.44,24.33,23.74,23.29,23.02,23.34,22.98,22.36,20.41,20.49,19.24,19.58,20.11,18.77,18.05,17.07,15.95,15.97,16.39,17.09,17.49,17.12,17.32,18.23,19.61,18.33,18.89,18.13,18.08,19.25,19.24,19.21,19.80,19.66,19.88,19.92,20.03,20.03,
Mexico  - Mexico City,peso/kg,,,,,,,,,,,,,,14.65,15.31,15.33,15.29,15.11,14.70,14.64,15.31,16.01,17.48,18.63,18.60,19.05,18.64,17.71,17.19,18.83,19.16,19.30,20.06,20.64,20.54,19.74,19.34,19.21,,,19.50,19.10,18.19,17.88,17.83,18.27,19.31,19.75,19.97,19.83,19.70,19.74,19.06,18.77,20.94,21.52,21.47,21.07,21.50,21.60,22.37,24.12,26.24,26.24,26.13,26.00,26.82,27.45,22.08,23.27,24.83,23.54,21.53,21.89,23.05,24.71,23.67,23.17,22.78,23.12,22.59,22.01,20.09,20.22,18.86,19.16,19.63,18.29,17.64,16.70,15.66,15.86,16.28,16.82,17.18,16.82,16.99,17.93,19.20,18.09,18.55,17.79,17.76,19.00,19.02,19.00,19.52,19.28,19.53,19.57,19.65,19.65,
Mozambique,metical/kg,55,55,55,55,55,55,55,55,55,55,59,59,59,59,59,61,61,61,41,51,49,58,58,70,70,68,68,65,65,61,60,60,31,61,61,64,64,64,64,64,63,63,63,63,61,61,61,61,61,61,61,61,61,61,58,58,58,58,58,58,58,58,58,58,58,58,58,58,58,58,58,71,71,71,71,80,80,86,86,102,102,102,102,102,95,90,90,90,90,90,90,86,86,86,86,86,86,86,86,86,86,86,86,86,86,86,86,86,86,86,,,
Nepal (14.2 kg cylinders),NPR/cylinder,,,,,,,,,,,,,,,,,,,,,,,,,1350,1375,,,,,,,1400,,,,,1400,1400,1400,1400,1400,1400,1400,1400,1375,1350,1350,1350,1350,1375,1375,1375,1375,1375,1375,1375,1375,1375,1375,1375,1375,1400,1400,1400,1400,1400,1425,1450,1450,1500,1575,1575,1575,1575,1575,1600,1700,1800,1800,1800,1800,1800,1800,1800,1800,1800,1800,1800,1800,1800,1795,1660,1967,1895,1895,1895,1895,1910,1910,1910,1910,1910,1910,,,,,,,,,
Nicaragua (LPG 25lb),córdobas/cylinder,217,211,212,217,225,233,242,240,234,236,249,251,265,282,303,284,269,272,268,287,286,300,323,333,331,332,320,312,308,316,316,316,333,360,368,368,316,291,299,303,295,288,266,254,258,258,267,278,286,275,265,250,231,245,267,273,276,281,284,293,302,332,353,367,359,345,364,392,412,434,466,474,474,446,452,452,452,452,452,452,452,452,452,452,452,452,452,452,452,452,452,452,452,452,452,452,452,452,452,452,452,452,452,452,452,452,452,452,452,436,436,436,436
Niger (12.5 kg cylinder),XOF/cylinder,3750,3750,3750,3750,3750,3750,3750,3750,3750,3750,3750,3750,3750,3750,3750,3750,3750,3750,3750,3750,3750,3750,3750,3750,3750,3750,3750,3750,3750,3750,3750,3750,3750,3750,3750,3750,3750,3750,3750,3750,3750,3750,3750,3750,3750,3750,3750,3750,3750,3750,3750,3750,3750,3750,3750,3750,3750,3750,3750,3750,3750,3750,3750,3750,3750,3750,3750,3750,3750,3750,3750,3750,3750,3750,3750,3750,3750,3750,3750,3750,3750,3750,3750,3750,3750,3750,3750,3750,3750,3750,3750,3750,3750,3750,3750,3750,3750,3750,3750,3750,3750,3750,3750,3750,3750,3750,3750,3750,3750,3750,3750,3750,3750
Niger (3 kg cylinder),XOF/cylinder,900,900,900,900,900,900,900,900,900,900,900,900,900,900,900,900,900,900,900,900,900,900,900,900,900,900,900,900,900,900,900,900,900,900,900,900,900,900,900,900,900,900,900,900,900,900,900,900,900,900,900,900,900,900,900,900,900,900,900,900,900,900,900,900,900,900,900,900,900,900,900,900,900,900,900,900,900,900,900,900,900,900,900,900,900,900,900,900,900,900,900,900,900,900,900,900,900,900,900,900,900,900,900,900,900,900,900,900,900,900,900,900,900
Niger (6 kg cylinder),XOF/cylinder,1800,1800,1800,1800,1800,1800,1800,1800,1800,1800,1800,1800,1800,1800,1800,1800,1800,1800,1800,1800,1800,1800,1800,1800,1800,1800,1800,1800,1800,1800,1800,1800,1800,1800,1800,1800,1800,1800,1800,1800,1800,1800,1800,1800,1800,1800,1800,1800,1800,1800,1800,1800,1800,1800,1800,1800,1800,1800,1800,1800,1800,1800,1800,1800,1800,1800,1800,1800,1800,1800,1800,1800,1800,1800,1800,1800,1800,1800,1800,1800,1800,1800,1800,1800,1800,1800,1800,1800,1800,1800,1800,1800,1800,1800,1800,1800,1800,1800,1800,1800,1800,1800,1800,1800,1800,1800,1800,1800,1800,1800,1800,1800,1800
Niger (per kg),XOF/kg,300,300,300,300,300,300,300,300,300,300,300,300,300,300,300,300,300,300,300,300,300,300,300,300,300,300,300,300,300,300,300,300,300,300,300,300,300,300,300,300,300,300,300,300,300,300,300,300,300,300,300,300,300,300,300,300,300,300,300,300,300,300,300,300,300,300,300,300,300,300,300,300,300,300,300,300,300,300,300,300,300,300,300,300,300,300,300,300,300,300,300,300,300,300,300,300,300,300,300,300,300,300,300,300,300,300,300,300,300,300,300,300,300
Nigeria (5kg cylinder refilling) - Abuja,NGN/cylinder,,1900,1833,1800,1883,1800,1850,2050,1800,1870,1922,1805,1867,2800,2780,2600,2380,2500,2040,2150,1740,2040,2400,2000,2100,2060,1820,1760,1800,1840,1790,1730,1920,1900,1960,1980,2000,1900,1900,1892,1960,1675,1700,1778,1739,1680,1720,1760,1805,1880,1780,1800,1850,1860,1798,1800,1780,1770,1760,1797,1820,1780,1799,1801,1940,1808,1825,1806,1807,2660,3450,3413,3650,3769,3815,3851,3990,4194,4440,4560,4670,4684,4675,4875,4800,4840,4850,4940,4965,4900,4381,4387,4390,4398,4680.00,5020.00,5150.33,5080,6075,6820,6500,7645,6710,5618,5825,6691,6481,6749,7200,,,,
Nigeria (5kg cylinder refilling) - Lagos,NGN/cylinder,,1836,1881,1858,2000,1825,1875,2022,1933,1919,2103,1814,1900,2650,2425,2458,2367,2347,2250,2136,1889,2032,2400,2503,2344,2290,2190,2193,2114,1910,1856,1847,1923,1932,2087,1955,2020,1895,1901,1899,1898,1967,1912,1947,1899,1790,1830,1816,1928,1876,1831,1873,1843,1875,1820,1760,1725,1803,1831,1742,1768,1800,1997,2082,1934,1842,1839,1841,1848,1858,2005,3436,3910,3929,3980,4041,3982,3950,4253,4600,4783,4787,4853,4860,4856,4861,4884,4884,4900,4559,4296,4299,4378,4391,5015.00,5344.44,5671.05,4866,6820,6295,6840,7514,7500,6061,6678,6975,7476,7491,7911,,,,
Nigeria (5kg cylinder refilling)- Kano,NGN/cylinder,,2000,1951,1950,1950,1950,2150,2000,1900,1994,2162,1975,2200,2750,2500,2350,2500,2300,2117,2200,1800,1750,2400,2550,2242,2250,2150,2033,1925,1800,1801,1810,1800,2075,2100,2000,2200,2067,2100,2083,1980,1900,1875,1918,1875,1906,1998,1989,1989,1923,1960,1870,1840,1800,1876,1911,1882,1911,1874,1800,1783,1780,1856,1848,1920,1853,1857,2350,2300,2900,2970,3392,3217,3234,3260,3300,3490,3650,3875,3981,4103,4110,4100,4435,4467,4667,4675,4675,4700,4524,4391,4432,4400,4407,5181.43,5202.50,5446.24,5411,6080,7609,6999,7751,6900,5788,6350,6133,6838,7165,7189,,,,
Peru (10kg),soles/cylinder,,,,,,,,,,,,,,,,,,,,,,,,,,,,,,,,,,,,,,,,,,,,,,,,,,,,34,19,24,15,11,15,19,17,22,25,27,35,38,37,38,39,43,43,44,45,52,56,54,55,55,54,53,53,53,54,53,52,50,49,48,48,48,48,47,46,45,44,45,46,46,46,45,46,47,49,50,50,50,56,55,55,57,57,50,55,51,
Peru (15kg),soles/cylinder,,,,,,,,,,,,,,,,,,,,,,,,,,,,,,,,,,,,,,,,,,,,,,,,,,,,,,22,5,4,5,22,5,2,2,19,43,,44,43,53,58,61,64,70,79,81,81,84,90,77,79,78,77,85,82,81,78,77,75,75,75,74,74,71,69,68,69,71,71,70,70,71,73,76,78,79,78,ministry stops reporting this fuel,,,,,,,,
Peru (3kg),soles/cylinder,,,,,,,,,,,,,,,,,,,,,,,,,,,,,,,,,,,,,,,,,,,,,,,,,,,,,,,,,,,,,,,,,,,,,,12,15,17,14,17,17,18,17,18,18,18,18,18,16,16,16,15,15,16,17,17,17,17,15,16,16,16,16,16,18,16,17,20,18,18,ministry stops reporting this fuel,,,,,,,,
Peru (45kg),soles/cylinder,,,,,,,,,,,,,,,,,,,,,,,,,,,,,,,,,,,,,,,,,,,,,,,,,,,,,87,67,59,4,56,65,5,68,56,79,129,,133,128,155,172,178,181,188,220,233,224,230,234,229,228,227,222,225,222,218,211,208,202,203,206,202,201,196,190,186,188,193,192,191,192,198,202,208,214,213,213,207,208,210,212,211,215,235,221,
Peru (5kg),soles/cylinder,,,,,,,,,,,,,,,,,,,,,,,,,,,,,,,,,,,,,,,,,,,,,,,,,,,,,10,7,8,4,8,8,5,8,7,10,15,,15,15,18,20,20,23,25,28,29,28,29,30,28,27,27,27,29,29,28,28,27,26,26,26,26,26,25,24,24,25,25,25,25,23,25,26,26,28,27,27,26,25,25,25,26,27,29,47,
Peru (Petroperu Calla district where Lima is),soles/gallon,1.85,1.85,1.85,1.85,1.85,1.85,1.85,1.85,1.85,1.85,1.85,1.85,1.67,1.87,1.84,1.84,1.84,1.73,1.73,1.81,1.83,1.83,1.83,1.83,1.83,1.83,1.83,1.83,1.83,1.83,1.83,1.83,1.83,1.83,1.83,1.83,1.83,1.83,1.83,1.83,1.83,1.83,1.83,1.83,1.83,1.83,1.83,1.83,1.83,1.83,1.83,1.83,1.64,,,,,,,,,,,,,,,,,,,,,3.55,3.73,3.8,3.77,3.64,3.54,3.46,3.33,3.18,2.98,2.83,2.76,2.58,2.64,2.64,2.57,2.57,2.43,ministry stops reporting this fuel,,,,,,,,,,,,,,,,,,,,,
Philippines (LPG 11 kg) - Manila,PHP/cylinder,,,,,,,,,,,,,,,,,,,,,,,,,,,,,,,,,,,,,,,,,,,,,,,,,,,,605,,,,,,,,,,,,,,,,,,,,,,,,,,,,,,,,,,,,,,,,,,,,,,,,,,,,,,,,,,,,,
Saudi Arabia (Gas Cylinder LPG (I think 16 kg see https://www.argaam.com/en/article/articledetail/id/524074)),SAR/cylinder,,,,,,,,,,,,,,,,,,,,,,,,,,18.85,18.85,18.85,18.85,18.85,18.85,18.85,18.85,18.85,18.85,18.85,18.85,18.85,18.85,18.85,18.85,18.85,18.85,18.85,18.85,18.85,18.85,18.85,18.85,18.85,18.85,18.85,18.85,18.85,18.85,18.85,18.85,18.85,18.85,18.85,18.85,18.85,18.85,18.85,18.85,18.85,18.85,18.85,18.85,18.85,18.85,18.85,18.85,18.85,18.85,18.85,18.85,18.85,18.85,18.85,18.85,18.85,18.85,18.85,18.85,18.85,18.85,18.85,18.85,19.85,19.85,19.85,19.85,19.85,19.85,19.85,19.85,19.85,19.85,19.85,19.85,19.85,19.85,21.85,21.85,21.85,21.85,21.85,21.85,21.85,21.85,21.85,21.85
Senegal (6kg cylinder),XOF/cylinder,3230,3090,2885,2885,2885,2885,2885,2885,2885,2885,2885,2885,2885,2885,2885,2885,2885,2885,2885,2885,2885,2885,2885,2885,2885,2885,2885,2885,2885,2885,2885,2885,2885,2885,2885,2885,2885,2885,2885,2885,2885,2885,2885,2885,2885,2885,2885,2885,2885,2885,2885,2885,2885,2885,2885,2885,2885,2885,2885,2885,2885,2885,2885,2885,2885,2885,2885,2885,2885,2885,2885,2885,2885,2885,2885,2885,2885,2885,2885,2885,2885,2885,2885,2885,2885,2885,2885,2885,2885,2885,2885,2885,2885,2885,2885,2885,2885,2885,2885,2885,2885,2885,2885,2885,2885,2885,2885,2885,2885,2885,2885,2885,2885
South Africa - Coastal Regions,South African cents/kg,,,,,,,,,,,,,,2019,2040,2038,1937,2032,1955,1864,2092,1990,2028,2045,2236,2165,2142,2073,2111,2180,2318,2356,2372,2372,2551,2490,2238,2106,2095,2196,2367,2451,2443,2310,2342,2326,2343,2313,2403,2379,2378,2346,1968,1706,1904,2352,2348,2384,2364,2389,2516,2472,2666,2752,2801,2628,2486,2549,2775,2869,2861,3151,3335,3259,3134,3204,3454,3523,3472,3255,3311,3146,3166,3068,3146,3227,3087,3610,3517,3073,3148,2853,2691,2917,3167,3316,3446,3547,33494,3535,3516,3470,3335,3313,2399,3289,3312,3348,3500,3514,3542,3540,
South Africa - Gauteng Region,South African cents/kg,,,,,,,,,,,,,,2207,2228,2226,2125,2221,2144,2053,1904,2178,2217,2234,2438,2367,2344,2275,2314,2384,2522,2559,2576,2576,2755,2694,2451,2319,2308,2409,2580,2664,2657,2524,2555,2539,2556,2526,2628,2604,2603,2571,2193,1931,2129,2577,2573,2609,2589,2615,2752,2708,2901,2988,3036,2864,2721,2784,3010,3104,3097,3387,3570,3500,3376,3446,3696,3765,3714,3496,3553,3388,3407,3309,3404,3486,3346,3868,3776,3332,3407,3111,2950,3176,3426,3575,3742,3753,3790,3831,3812,3766,3631,3609,3595,3585,3608,3644,3816,3829,3858,3856,
Syria (LPG subsidized 10kg),lira/cylinder,1800,1800,1800,1800,1800,1800,2500,2500,2500,2500,2500,2500,2500,2500,2500,2500,2500,2500,2500,2500,2500,2500,2500,2500,2500,2500,2500,2500,2500,2500,2500,2500,2500,2500,2500,2500,2500,2500,2500,2500,2500,2500,2500,2500,2500,2500,2500,2500,2500,2500,2500,2500,2500,2500,2500,2500,2500,2500,2500,2500,2500,2500,2500,2500,2500,2500,2500,2500,2500,2500,2500,2500,2500,2500,2500,2500,2500,2500,2500,2500,2500,2500,2500,2500,2500,2500,2500,2500,2500,15000,15000,15000,15000,15000,15000,15000,15000,,,,,,,,,,,,,,,,
Thailand (LPG cooking) - Ex-refinery Price,Baht/kg,16.44,15.21,13.86,13.69,13.97,13.92,13.91,13.40,12.94,13.11,13.02,13.50,13.61,16.94,20.82,20.79,17.96,15.18,15.06,13.85,16.09,17.46,20.33,20.51,20.04,19.43,16.78,15.81,15.90,18.13,19.17,20.45,20.96,21.70,22.31,18.46,15.59,14.69,14.97,16.47,17.79,17.73,14.30,13.15,12.72,12.71,15.06,15.16,15.60,18.38,16.79,13.73,9.70,11.23,10.99,10.79,12.12,12.54,13.48,15.29,15.58,18.41,18.99,18.03,17.29,16.53,18.28,21.57,23.02,23.95,28.03,29.69,26.16,26.04,27.06,29.99,31.71,30.85,28.54,27.62,25.97,25.21,24.60,26.02,26.14,23.92,26.02,25.94,21.36,20.34,18.64,18.11,20.63,23.98,26.78,26.34,26.27,25.28,23.41,24.12,23.91308667,22.98,22.95,23.05,22.62,22.51,22.68,23.26,23.29,23.26,22.56,,
Thailand (LPG cooking) - Retail Price,Baht/kg,22.29,22.29,20.50,20.29,20.29,20.29,20.29,20.29,20.29,20.29,20.29,20.29,20.29,20.29,20.82,20.96,20.96,20.50,20.49,20.49,20.49,21.04,21.15,21.15,20.90,20.38,19.82,19.82,20.35,21.84,21.87,21.87,21.87,21.87,21.87,21.87,21.87,21.87,21.87,21.87,21.87,21.87,21.87,21.87,21.87,21.87,21.87,21.87,21.87,21.87,21.87,21.09,18.87,18.87,18.87,18.87,18.87,18.87,18.87,18.87,18.87,18.87,18.87,18.87,18.87,18.87,18.87,18.87,18.87,18.87,18.87,18.87,18.87,18.87,18.87,18.87,19.87,20.87,21.87,22.87,23.87,24.87,24.87,24.87,24.87,24.87,24.87,25.87,25.87,25.87,25.87,25.87,25.87,25.87,25.87,25.87,25.87,25.87,25.87,25.87,25.87,25.87,25.87,25.87,25.87,25.87,25.87,25.87,25.87,25.87,25.87,,
Thailand (LPG industry) - Ex-refinery Price,Baht/kg,16.44,15.21,13.86,13.69,13.97,13.92,13.91,13.40,12.94,13.11,13.02,13.50,13.61,16.94,20.82,20.79,17.96,15.18,15.06,13.85,16.09,17.46,20.33,20.51,20.04,19.43,16.78,15.81,15.90,18.13,19.17,20.45,20.96,21.70,22.31,18.46,15.59,14.69,14.97,16.47,17.79,17.73,14.30,13.15,12.72,12.71,15.06,15.16,15.60,18.38,16.79,13.73,9.70,11.23,10.99,10.79,12.12,12.54,13.48,15.29,15.58,18.41,18.99,18.03,17.29,16.53,18.28,21.57,23.02,23.95,28.03,29.69,26.16,26.04,27.06,29.99,31.71,30.85,28.54,27.62,25.97,25.21,24.60,26.02,26.14,23.92,26.02,25.94,21.36,20.34,18.64,18.11,20.63,23.98,26.78,26.34,26.27,25.28,23.41,24.12,23.91308667,22.98,22.95,23.05,22.62,22.51,22.68,23.26,23.29,23.26,22.56,,
Thailand (LPG industry) - Retail Price,Baht/kg,22.29,22.29,20.50,20.29,20.29,20.29,20.29,20.29,20.29,20.29,20.29,20.29,20.29,20.29,20.82,20.96,20.96,20.50,20.49,20.49,20.49,21.04,21.15,21.15,20.90,20.38,19.82,19.82,20.35,21.84,21.87,21.87,21.87,21.87,21.87,21.87,21.87,21.87,21.87,21.87,21.87,21.87,21.87,21.87,21.87,21.87,21.87,21.87,21.87,21.87,21.87,20.83,18.87,18.87,18.87,18.87,18.87,18.87,18.87,18.87,18.87,18.87,18.87,18.87,18.87,18.87,18.87,18.87,18.87,18.87,18.87,18.87,18.87,18.87,18.87,18.87,19.87,20.87,21.87,22.87,23.87,24.87,24.87,24.87,24.87,24.87,24.87,25.87,25.87,25.87,25.87,25.87,25.87,25.87,25.87,25.87,25.87,25.87,25.87,25.87,25.87,25.87,25.87,25.87,25.87,25.87,25.87,25.87,25.87,25.87,25.87,,
Thailand (LPG low income hh) - Ex-refinery Price,Baht/kg,16.44,15.21,13.86,13.69,13.97,13.92,13.91,13.40,12.94,13.11,13.02,13.50,13.61,16.94,20.82,20.79,17.96,15.18,15.06,13.85,16.09,17.46,20.33,20.51,20.04,19.43,16.78,15.81,15.90,18.13,19.17,20.45,20.96,21.70,22.31,18.46,15.59,14.69,14.97,16.47,17.79,17.73,14.30,13.15,12.72,12.71,15.06,15.16,15.60,18.38,16.79,13.73,9.70,11.23,10.99,10.79,12.12,12.54,13.48,15.29,15.58,18.41,18.99,18.03,17.29,16.53,18.28,21.57,23.02,23.95,28.03,29.69,26.16,26.04,,,,,,,,,,,,,,,,,,,,,,,,,,,,,,,,,,,,,,,
Thailand (LPG low income hh) - Retail Price,Baht/kg,18.13,18.13,18.13,18.13,18.13,18.13,18.13,18.13,18.13,18.13,18.13,18.13,18.13,18.13,18.13,18.13,18.13,18.13,18.13,18.13,18.13,18.56,18.65,18.65,18.40,17.88,17.32,17.32,17.85,19.34,19.37,19.37,19.37,19.37,19.37,19.37,19.37,19.37,19.37,19.37,19.37,19.37,19.37,19.37,19.37,19.37,19.37,19.37,19.37,19.37,19.37,18.59,16.37,16.37,16.37,16.37,16.37,16.37,16.37,16.37,16.37,16.37,16.37,16.37,16.37,16.37,16.37,16.37,16.37,16.37,16.37,16.37,16.37,16.37,,,,,,,,,,,,,,,,,,,,,,,,,,,,,,,,,,,,,,,
Togo (12.5kg bottle),XOF/cylinder,6500,6500,6500,6500,6500,6500,6500,6500,6500,6500,6500,6500,6500,6500,6500,6500,6500,6500,6500,6500,6500,6500,6500,6500,6500,6500,6500,6500,6500,6500,6500,6500,6500,6500,6500,6500,6500,6500,6500,6500,6500,6500,6500,6500,6500,6500,6500,6500,6500,6500,6500,6500,6500,6500,6500,6500,6500,6500,6500,6500,6500,6500,6500,6500,6500,6500,6500,6500,6500,6500,6500,6500,6500,6500,6500,6500,6500,6500,6500,6500,11300,11300,11300,11300,11300,11300,11300,11300,11300,11300,11300,11300,11300,11300,11300,,,,,,,,,,,,,,,,,,
Togo (6kg bottle),XOF/cylinder,3120,3120,3120,3120,3120,3120,3120,3120,3120,3120,3120,3120,3120,3120,3120,3120,3120,3120,3120,3120,3120,3120,3120,3120,3120,3120,3120,3120,3120,3120,3120,3120,3120,3120,3120,3120,3120,3120,3120,3120,3120,3120,3120,3120,3120,3120,3120,3120,3120,3120,3120,3120,3120,3120,3120,3120,3120,3120,3120,3120,3120,3120,3120,3120,3120,3120,3120,3120,3120,3120,3120,3120,3120,3120,3120,3120,3120,3120,3120,3120,5400,5400,5400,5400,5400,5400,5400,5400,5400,5400,5400,5400,5400,5400,5400,,,,,,,,,,,,,,,,,,
Uruguay,UYU/kg,35,35,35,35,35,35,35,35,35,35,35,35,35,37.80 ,37.80 ,37.80 ,37.80 ,37.80 ,37.80 ,37.80 ,37.80 ,37.80 ,37.80 ,37.80 ,37.80 ,38,38,38,38,38,38,44,44,44,44,44,44,46.90 ,46.90 ,46.90 ,46.90 ,46.90 ,46.90 ,46.90 ,46.90 ,46.90 ,46.90 ,46.90 ,46.90 ,46.90 ,46.90 ,46.90 ,46.90 ,46.90 ,46.90 ,46.90 ,46.90 ,46.90 ,46.90 ,46.90 ,46.90 ,50.14 ,50.14 ,50.14 ,50.14 ,50.14 ,56.16 ,56,56,56,56,56,56,56,59,60,63,63,63,63,63,63,63,63,63,63,73,73,73,73,73,73,73,73,77,77,77,77,76.75,80.75,80.75,80.75,80.75,80.75,80.75,80.75,80.75,80.75,80.75,88.46,88.46,88.46,88.46
West Bank & Gaza (LPG 12kg),Sheker/Cylinder,,,,,,,,,,,,,54,56,59,62,60,58,55,54,53,55,57,59,60,61,61,61,,57,60,61,63,64,64,64,64,64,64,64,59,59,59,59,59,,59,59,62,62,64,64,64,57,57,57,57,58,58,60,62,62,62,62,63,63,63,63,63,63,65,65,65,65,65,65,65,65,70,70,70,70,70,70,70,70,70,70,70,70,70,70,70,70,70,70,70,70,70,70,70,70,70,70,70,70,70,70,70,70,70,70,70
West Bank & Gaza (LPG 48kg),Sheker/Cylinder,,,,,,,,,,,,,216,224,236,248,240,228,220,216,212,220,228,236,240,244,244,244,,228,240,244,252,240,256,256,256,256,256,256,236,236,236,236,236,,236,236,248,248,256,256,256,228,228,228,228,232,232,240,240,248,248,248,252,252,252,252,252,252,260,260,260,260,260,260,260,260,280,280,280,280,280,280,280,280,280,280,280,280,280,280,280,280,280,280,280,280,280,280,280,280,280,280,280,280,280,280,280,280,280,280,280
West Bank & Gaza (LPG 5kg),Sheker/Cylinder,,,,,,,,,,,,,23,23,25,26,25,24,23,23,22,23,57,25,25,25,25,25,,24,25,25,26,27,27,27,27,27,27,27,25,25,25,25,25,,25,25,26,26,27,27,27,26,24,24,24,25,25,25,25,26,26,26,27,27,27,27,27,27,28,28,28,28,28,28,28,28,30,30,30,30,30,30,30,30,30,30,30,30,30,30,30,30,30,30,30,30,30,30,30,30,30,30,30,30,30,30,30,30,30,30,30
Zimbabwe,ZWL/kg,,,,,,,,,,,,,,,,,,,,,,,,,,,,,,,,,,,,,,,,,,,,,,,,,,,,,,,,,,,,,,,,,,,,,159,165,166,203,226,222,234,268,338,372,702,754,931,1078,1162,1133,1209,1345,1450,1861,1911,1912,6359,8474,6762,7415,9641,10597.17,10597.17,11744.78,11744.78,20290.5,,,,24.45,24.45,24.45,24.5,25.21,46.58,47.51,41.63,43,43
Zimbabwe,USD/L,,,,,,,,,,,,,,,,,,,,,,,,,,,,,,,,,,,,,,,,,,,,,,,,,,,,,,,,,,,,,,,,,,,,,1.85,1.92,1.87,2.05,2.14,2.05,2.03,2.07,,2.32,2.25,1.99,2.02,1.88,1.85,1.78,1.83,1.91,1.77,2.06,2.02,1.72,1.73,1.57,1.49,1.6,1.72,1.85,1.84,1.85,1.85,1.86,1.89,1.89,1.89,1.78,1.78,1.78,1.78,1.81,1.83,1.86,1.61,1.61,1.61
